<ImportExportXml xmlns:xsi="http://www.w3.org/2001/XMLSchema-instance">
  <Entities></Entities>
  <Roles></Roles>
  <Workflows></Workflows>
  <FieldSecurityProfiles></FieldSecurityProfiles>
  <Templates />
  <EntityMaps />
  <EntityRelationships />
  <OrganizationSettings />
  <optionsets>
    <optionset Name="rxrm_country" localizedName="country">
      <OptionSetType>picklist</OptionSetType>
      <IsGlobal>1</IsGlobal>
      <IntroducedVersion>1.0.0.0</IntroducedVersion>
      <IsCustomizable>1</IsCustomizable>
      <ExternalTypeName></ExternalTypeName>
      <displaynames>
        <displayname description="country" languagecode="1033" />
      </displaynames>
      <Descriptions>
        <Description description="" languagecode="1033" />
      </Descriptions>
      <options>
  <option value="200490000" ExternalValue="">
    <labels>
      <label description="Afghanistan" languagecode="1033" />
    </labels>
    <Descriptions>
      <Description description="" languagecode="1033" />
    </Descriptions>
  </option>
  <option value="200490001" ExternalValue="">
    <labels>
      <label description="Albania" languagecode="1033" />
    </labels>
    <Descriptions>
      <Description description="" languagecode="1033" />
    </Descriptions>
  </option>
  <option value="200490002" ExternalValue="">
    <labels>
      <label description="Algeria" languagecode="1033" />
    </labels>
    <Descriptions>
      <Description description="" languagecode="1033" />
    </Descriptions>
  </option>
  <option value="200490003" ExternalValue="">
    <labels>
      <label description="Andorra" languagecode="1033" />
    </labels>
    <Descriptions>
      <Description description="" languagecode="1033" />
    </Descriptions>
  </option>
  <option value="200490004" ExternalValue="">
    <labels>
      <label description="Angola" languagecode="1033" />
    </labels>
    <Descriptions>
      <Description description="" languagecode="1033" />
    </Descriptions>
  </option>
  <option value="200490005" ExternalValue="">
    <labels>
      <label description="Antigua and Barbuda" languagecode="1033" />
    </labels>
    <Descriptions>
      <Description description="" languagecode="1033" />
    </Descriptions>
  </option>
  <option value="200490006" ExternalValue="">
    <labels>
      <label description="Argentina" languagecode="1033" />
    </labels>
    <Descriptions>
      <Description description="" languagecode="1033" />
    </Descriptions>
  </option>
  <option value="200490007" ExternalValue="">
    <labels>
      <label description="Armenia" languagecode="1033" />
    </labels>
    <Descriptions>
      <Description description="" languagecode="1033" />
    </Descriptions>
  </option>
  <option value="200490008" ExternalValue="">
    <labels>
      <label description="Australia" languagecode="1033" />
    </labels>
    <Descriptions>
      <Description description="" languagecode="1033" />
    </Descriptions>
  </option>
  <option value="200490009" ExternalValue="">
    <labels>
      <label description="Austria" languagecode="1033" />
    </labels>
    <Descriptions>
      <Description description="" languagecode="1033" />
    </Descriptions>
  </option>
  <option value="200490010" ExternalValue="">
    <labels>
      <label description="Azerbaijan" languagecode="1033" />
    </labels>
    <Descriptions>
      <Description description="" languagecode="1033" />
    </Descriptions>
  </option>
  <option value="200490011" ExternalValue="">
    <labels>
      <label description="Bahamas" languagecode="1033" />
    </labels>
    <Descriptions>
      <Description description="" languagecode="1033" />
    </Descriptions>
  </option>
  <option value="200490012" ExternalValue="">
    <labels>
      <label description="Bahrain" languagecode="1033" />
    </labels>
    <Descriptions>
      <Description description="" languagecode="1033" />
    </Descriptions>
  </option>
  <option value="200490013" ExternalValue="">
    <labels>
      <label description="Bangladesh" languagecode="1033" />
    </labels>
    <Descriptions>
      <Description description="" languagecode="1033" />
    </Descriptions>
  </option>
  <option value="200490014" ExternalValue="">
    <labels>
      <label description="Barbados" languagecode="1033" />
    </labels>
    <Descriptions>
      <Description description="" languagecode="1033" />
    </Descriptions>
  </option>
  <option value="200490015" ExternalValue="">
    <labels>
      <label description="Belarus" languagecode="1033" />
    </labels>
    <Descriptions>
      <Description description="" languagecode="1033" />
    </Descriptions>
  </option>
  <option value="200490016" ExternalValue="">
    <labels>
      <label description="Belgium" languagecode="1033" />
    </labels>
    <Descriptions>
      <Description description="" languagecode="1033" />
    </Descriptions>
  </option>
  <option value="200490017" ExternalValue="">
    <labels>
      <label description="Belize" languagecode="1033" />
    </labels>
    <Descriptions>
      <Description description="" languagecode="1033" />
    </Descriptions>
  </option>
  <option value="200490018" ExternalValue="">
    <labels>
      <label description="Benin" languagecode="1033" />
    </labels>
    <Descriptions>
      <Description description="" languagecode="1033" />
    </Descriptions>
  </option>
  <option value="200490019" ExternalValue="">
    <labels>
      <label description="Bhutan" languagecode="1033" />
    </labels>
    <Descriptions>
      <Description description="" languagecode="1033" />
    </Descriptions>
  </option>
  <option value="200490020" ExternalValue="">
    <labels>
      <label description="Bolivia" languagecode="1033" />
    </labels>
    <Descriptions>
      <Description description="" languagecode="1033" />
    </Descriptions>
  </option>
  <option value="200490021" ExternalValue="">
    <labels>
      <label description="Bosnia and Herzegovina" languagecode="1033" />
    </labels>
    <Descriptions>
      <Description description="" languagecode="1033" />
    </Descriptions>
  </option>
  <option value="200490022" ExternalValue="">
    <labels>
      <label description="Botswana" languagecode="1033" />
    </labels>
    <Descriptions>
      <Description description="" languagecode="1033" />
    </Descriptions>
  </option>
  <option value="200490023" ExternalValue="">
    <labels>
      <label description="Brazil" languagecode="1033" />
    </labels>
    <Descriptions>
      <Description description="" languagecode="1033" />
    </Descriptions>
  </option>
  <option value="200490024" ExternalValue="">
    <labels>
      <label description="Brunei" languagecode="1033" />
    </labels>
    <Descriptions>
      <Description description="" languagecode="1033" />
    </Descriptions>
  </option>
  <option value="200490025" ExternalValue="">
    <labels>
      <label description="Bulgaria" languagecode="1033" />
    </labels>
    <Descriptions>
      <Description description="" languagecode="1033" />
    </Descriptions>
  </option>
  <option value="200490026" ExternalValue="">
    <labels>
      <label description="Burkina Faso" languagecode="1033" />
    </labels>
    <Descriptions>
      <Description description="" languagecode="1033" />
    </Descriptions>
  </option>
  <option value="200490027" ExternalValue="">
    <labels>
      <label description="Burundi" languagecode="1033" />
    </labels>
    <Descriptions>
      <Description description="" languagecode="1033" />
    </Descriptions>
  </option>
  <option value="200490028" ExternalValue="">
    <labels>
      <label description="Cabo Verde" languagecode="1033" />
    </labels>
    <Descriptions>
      <Description description="" languagecode="1033" />
    </Descriptions>
  </option>
  <option value="200490029" ExternalValue="">
    <labels>
      <label description="Cambodia" languagecode="1033" />
    </labels>
    <Descriptions>
      <Description description="" languagecode="1033" />
    </Descriptions>
  </option>
  <option value="200490030" ExternalValue="">
    <labels>
      <label description="Cameroon" languagecode="1033" />
    </labels>
    <Descriptions>
      <Description description="" languagecode="1033" />
    </Descriptions>
  </option>
  <option value="200490031" ExternalValue="">
    <labels>
      <label description="Canada" languagecode="1033" />
    </labels>
    <Descriptions>
      <Description description="" languagecode="1033" />
    </Descriptions>
  </option>
  <option value="200490032" ExternalValue="">
    <labels>
      <label description="Central African Republic" languagecode="1033" />
    </labels>
    <Descriptions>
      <Description description="" languagecode="1033" />
    </Descriptions>
  </option>
  <option value="200490033" ExternalValue="">
    <labels>
      <label description="Chad" languagecode="1033" />
    </labels>
    <Descriptions>
      <Description description="" languagecode="1033" />
    </Descriptions>
  </option>
  <option value="200490034" ExternalValue="">
    <labels>
      <label description="Chile" languagecode="1033" />
    </labels>
    <Descriptions>
      <Description description="" languagecode="1033" />
    </Descriptions>
  </option>
  <option value="200490035" ExternalValue="">
    <labels>
      <label description="China" languagecode="1033" />
    </labels>
    <Descriptions>
      <Description description="" languagecode="1033" />
    </Descriptions>
  </option>
  <option value="200490036" ExternalValue="">
    <labels>
      <label description="Colombia" languagecode="1033" />
    </labels>
    <Descriptions>
      <Description description="" languagecode="1033" />
    </Descriptions>
  </option>
  <option value="200490037" ExternalValue="">
    <labels>
      <label description="Comoros" languagecode="1033" />
    </labels>
    <Descriptions>
      <Description description="" languagecode="1033" />
    </Descriptions>
  </option>
  <option value="200490038" ExternalValue="">
    <labels>
      <label description="Congo, Democratic Republic of the" languagecode="1033" />
    </labels>
    <Descriptions>
      <Description description="" languagecode="1033" />
    </Descriptions>
  </option>
  <option value="200490039" ExternalValue="">
    <labels>
      <label description="Congo, Republic of the" languagecode="1033" />
    </labels>
    <Descriptions>
      <Description description="" languagecode="1033" />
    </Descriptions>
  </option>
  <option value="200490040" ExternalValue="">
    <labels>
      <label description="Costa Rica" languagecode="1033" />
    </labels>
    <Descriptions>
      <Description description="" languagecode="1033" />
    </Descriptions>
  </option>
  <option value="200490041" ExternalValue="">
    <labels>
      <label description="Croatia" languagecode="1033" />
    </labels>
    <Descriptions>
      <Description description="" languagecode="1033" />
    </Descriptions>
  </option>
  <option value="200490042" ExternalValue="">
    <labels>
      <label description="Cuba" languagecode="1033" />
    </labels>
    <Descriptions>
      <Description description="" languagecode="1033" />
    </Descriptions>
  </option>
  <option value="200490043" ExternalValue="">
    <labels>
      <label description="Cyprus" languagecode="1033" />
    </labels>
    <Descriptions>
      <Description description="" languagecode="1033" />
    </Descriptions>
  </option>
  <option value="200490044" ExternalValue="">
    <labels>
      <label description="Czech Republic" languagecode="1033" />
    </labels>
    <Descriptions>
      <Description description="" languagecode="1033" />
    </Descriptions>
  </option>
  <option value="200490045" ExternalValue="">
    <labels>
      <label description="Denmark" languagecode="1033" />
    </labels>
    <Descriptions>
      <Description description="" languagecode="1033" />
    </Descriptions>
  </option>
  <option value="200490046" ExternalValue="">
    <labels>
      <label description="Djibouti" languagecode="1033" />
    </labels>
    <Descriptions>
      <Description description="" languagecode="1033" />
    </Descriptions>
  </option>
  <option value="200490047" ExternalValue="">
    <labels>
      <label description="Dominica" languagecode="1033" />
    </labels>
    <Descriptions>
      <Description description="" languagecode="1033" />
    </Descriptions>
  </option>
  <option value="200490048" ExternalValue="">
    <labels>
      <label description="Dominican Republic" languagecode="1033" />
    </labels>
    <Descriptions>
      <Description description="" languagecode="1033" />
    </Descriptions>
  </option>
  <option value="200490049" ExternalValue="">
    <labels>
      <label description="Ecuador" languagecode="1033" />
    </labels>
    <Descriptions>
      <Description description="" languagecode="1033" />
    </Descriptions>
  </option>
  <option value="200490050" ExternalValue="">
    <labels>
      <label description="Egypt" languagecode="1033" />
    </labels>
    <Descriptions>
      <Description description="" languagecode="1033" />
    </Descriptions>
  </option>
  <option value="200490051" ExternalValue="">
    <labels>
      <label description="El Salvador" languagecode="1033" />
    </labels>
    <Descriptions>
      <Description description="" languagecode="1033" />
    </Descriptions>
  </option>
  <option value="200490052" ExternalValue="">
    <labels>
      <label description="Equatorial Guinea" languagecode="1033" />
    </labels>
    <Descriptions>
      <Description description="" languagecode="1033" />
    </Descriptions>
  </option>
  <option value="200490053" ExternalValue="">
    <labels>
      <label description="Eritrea" languagecode="1033" />
    </labels>
    <Descriptions>
      <Description description="" languagecode="1033" />
    </Descriptions>
  </option>
  <option value="200490054" ExternalValue="">
    <labels>
      <label description="Estonia" languagecode="1033" />
    </labels>
    <Descriptions>
      <Description description="" languagecode="1033" />
    </Descriptions>
  </option>
  <option value="200490055" ExternalValue="">
    <labels>
      <label description="Eswatini" languagecode="1033" />
    </labels>
    <Descriptions>
      <Description description="" languagecode="1033" />
    </Descriptions>
  </option>
  <option value="200490056" ExternalValue="">
    <labels>
      <label description="Ethiopia" languagecode="1033" />
    </labels>
    <Descriptions>
      <Description description="" languagecode="1033" />
    </Descriptions>
  </option>
  <option value="200490057" ExternalValue="">
    <labels>
      <label description="Fiji" languagecode="1033" />
    </labels>
    <Descriptions>
      <Description description="" languagecode="1033" />
    </Descriptions>
  </option>
  <option value="200490058" ExternalValue="">
    <labels>
      <label description="Finland" languagecode="1033" />
    </labels>
    <Descriptions>
      <Description description="" languagecode="1033" />
    </Descriptions>
  </option>
  <option value="200490059" ExternalValue="">
    <labels>
      <label description="France" languagecode="1033" />
    </labels>
    <Descriptions>
      <Description description="" languagecode="1033" />
    </Descriptions>
  </option>
  <option value="200490060" ExternalValue="">
    <labels>
      <label description="Gabon" languagecode="1033" />
    </labels>
    <Descriptions>
      <Description description="" languagecode="1033" />
    </Descriptions>
  </option>
  <option value="200490061" ExternalValue="">
    <labels>
      <label description="Gambia" languagecode="1033" />
    </labels>
    <Descriptions>
      <Description description="" languagecode="1033" />
    </Descriptions>
  </option>
  <option value="200490062" ExternalValue="">
    <labels>
      <label description="Georgia" languagecode="1033" />
    </labels>
    <Descriptions>
      <Description description="" languagecode="1033" />
    </Descriptions>
  </option>
  <option value="200490063" ExternalValue="">
    <labels>
      <label description="Germany" languagecode="1033" />
    </labels>
    <Descriptions>
      <Description description="" languagecode="1033" />
    </Descriptions>
  </option>
  <option value="200490064" ExternalValue="">
    <labels>
      <label description="Ghana" languagecode="1033" />
    </labels>
    <Descriptions>
      <Description description="" languagecode="1033" />
    </Descriptions>
  </option>
  <option value="200490065" ExternalValue="">
    <labels>
      <label description="Greece" languagecode="1033" />
    </labels>
    <Descriptions>
      <Description description="" languagecode="1033" />
    </Descriptions>
  </option>
  <option value="200490066" ExternalValue="">
    <labels>
      <label description="Grenada" languagecode="1033" />
    </labels>
    <Descriptions>
      <Description description="" languagecode="1033" />
    </Descriptions>
  </option>
  <option value="200490067" ExternalValue="">
    <labels>
      <label description="Guatemala" languagecode="1033" />
    </labels>
    <Descriptions>
      <Description description="" languagecode="1033" />
    </Descriptions>
  </option>
  <option value="200490068" ExternalValue="">
    <labels>
      <label description="Guinea" languagecode="1033" />
    </labels>
    <Descriptions>
      <Description description="" languagecode="1033" />
    </Descriptions>
  </option>
  <option value="200490069" ExternalValue="">
    <labels>
      <label description="Guinea-Bissau" languagecode="1033" />
    </labels>
    <Descriptions>
      <Description description="" languagecode="1033" />
    </Descriptions>
  </option>
  <option value="200490070" ExternalValue="">
    <labels>
      <label description="Guyana" languagecode="1033" />
    </labels>
    <Descriptions>
      <Description description="" languagecode="1033" />
    </Descriptions>
  </option>
  <option value="200490071" ExternalValue="">
    <labels>
      <label description="Haiti" languagecode="1033" />
    </labels>
    <Descriptions>
      <Description description="" languagecode="1033" />
    </Descriptions>
  </option>
  <option value="200490072" ExternalValue="">
    <labels>
      <label description="Honduras" languagecode="1033" />
    </labels>
    <Descriptions>
      <Description description="" languagecode="1033" />
    </Descriptions>
  </option>
  <option value="200490073" ExternalValue="">
    <labels>
      <label description="Hungary" languagecode="1033" />
    </labels>
    <Descriptions>
      <Description description="" languagecode="1033" />
    </Descriptions>
  </option>
  <option value="200490074" ExternalValue="">
    <labels>
      <label description="Iceland" languagecode="1033" />
    </labels>
    <Descriptions>
      <Description description="" languagecode="1033" />
    </Descriptions>
  </option>
  <option value="200490075" ExternalValue="">
    <labels>
      <label description="India" languagecode="1033" />
    </labels>
    <Descriptions>
      <Description description="" languagecode="1033" />
    </Descriptions>
  </option>
  <option value="200490076" ExternalValue="">
    <labels>
      <label description="Indonesia" languagecode="1033" />
    </labels>
    <Descriptions>
      <Description description="" languagecode="1033" />
    </Descriptions>
  </option>
  <option value="200490077" ExternalValue="">
    <labels>
      <label description="Iran" languagecode="1033" />
    </labels>
    <Descriptions>
      <Description description="" languagecode="1033" />
    </Descriptions>
  </option>
  <option value="200490078" ExternalValue="">
    <labels>
      <label description="Iraq" languagecode="1033" />
    </labels>
    <Descriptions>
      <Description description="" languagecode="1033" />
    </Descriptions>
  </option>
  <option value="200490079" ExternalValue="">
    <labels>
      <label description="Ireland" languagecode="1033" />
    </labels>
    <Descriptions>
      <Description description="" languagecode="1033" />
    </Descriptions>
  </option>
  <option value="200490080" ExternalValue="">
    <labels>
      <label description="Israel" languagecode="1033" />
    </labels>
    <Descriptions>
      <Description description="" languagecode="1033" />
    </Descriptions>
  </option>
  <option value="200490081" ExternalValue="">
    <labels>
      <label description="Italy" languagecode="1033" />
    </labels>
    <Descriptions>
      <Description description="" languagecode="1033" />
    </Descriptions>
  </option>
  <option value="200490082" ExternalValue="">
    <labels>
      <label description="Jamaica" languagecode="1033" />
    </labels>
    <Descriptions>
      <Description description="" languagecode="1033" />
    </Descriptions>
  </option>
  <option value="200490083" ExternalValue="">
    <labels>
      <label description="Japan" languagecode="1033" />
    </labels>
    <Descriptions>
      <Description description="" languagecode="1033" />
    </Descriptions>
  </option>
  <option value="200490084" ExternalValue="">
    <labels>
      <label description="Jordan" languagecode="1033" />
    </labels>
    <Descriptions>
      <Description description="" languagecode="1033" />
    </Descriptions>
  </option>
  <option value="200490085" ExternalValue="">
    <labels>
      <label description="Kazakhstan" languagecode="1033" />
    </labels>
    <Descriptions>
      <Description description="" languagecode="1033" />
    </Descriptions>
  </option>
  <option value="200490086" ExternalValue="">
    <labels>
      <label description="Kenya" languagecode="1033" />
    </labels>
    <Descriptions>
      <Description description="" languagecode="1033" />
    </Descriptions>
  </option>
  <option value="200490087" ExternalValue="">
    <labels>
      <label description="Kiribati" languagecode="1033" />
    </labels>
    <Descriptions>
      <Description description="" languagecode="1033" />
    </Descriptions>
  </option>
  <option value="200490088" ExternalValue="">
    <labels>
      <label description="Korea, North" languagecode="1033" />
    </labels>
    <Descriptions>
      <Description description="" languagecode="1033" />
    </Descriptions>
  </option>
  <option value="200490089" ExternalValue="">
    <labels>
      <label description="Korea, South" languagecode="1033" />
    </labels>
    <Descriptions>
      <Description description="" languagecode="1033" />
    </Descriptions>
  </option>
  <option value="200490090" ExternalValue="">
    <labels>
      <label description="Kosovo" languagecode="1033" />
    </labels>
    <Descriptions>
      <Description description="" languagecode="1033" />
    </Descriptions>
  </option>
  <option value="200490091" ExternalValue="">
    <labels>
      <label description="Kuwait" languagecode="1033" />
    </labels>
    <Descriptions>
      <Description description="" languagecode="1033" />
    </Descriptions>
  </option>
  <option value="200490092" ExternalValue="">
    <labels>
      <label description="Kyrgyzstan" languagecode="1033" />
    </labels>
    <Descriptions>
      <Description description="" languagecode="1033" />
    </Descriptions>
  </option>
  <option value="200490093" ExternalValue="">
    <labels>
      <label description="Laos" languagecode="1033" />
    </labels>
    <Descriptions>
      <Description description="" languagecode="1033" />
    </Descriptions>
  </option>
  <option value="200490094" ExternalValue="">
    <labels>
      <label description="Latvia" languagecode="1033" />
    </labels>
    <Descriptions>
      <Description description="" languagecode="1033" />
    </Descriptions>
  </option>
  <option value="200490095" ExternalValue="">
    <labels>
      <label description="Lebanon" languagecode="1033" />
    </labels>
    <Descriptions>
      <Description description="" languagecode="1033" />
    </Descriptions>
  </option>
  <option value="200490096" ExternalValue="">
    <labels>
      <label description="Lesotho" languagecode="1033" />
    </labels>
    <Descriptions>
      <Description description="" languagecode="1033" />
    </Descriptions>
  </option>
  <option value="200490097" ExternalValue="">
    <labels>
      <label description="Liberia" languagecode="1033" />
    </labels>
    <Descriptions>
      <Description description="" languagecode="1033" />
    </Descriptions>
  </option>
  <option value="200490098" ExternalValue="">
    <labels>
      <label description="Libya" languagecode="1033" />
    </labels>
    <Descriptions>
      <Description description="" languagecode="1033" />
    </Descriptions>
  </option>
  <option value="200490099" ExternalValue="">
    <labels>
      <label description="Liechtenstein" languagecode="1033" />
    </labels>
    <Descriptions>
      <Description description="" languagecode="1033" />
    </Descriptions>
  </option>
  <option value="200490100" ExternalValue="">
    <labels>
      <label description="Lithuania" languagecode="1033" />
    </labels>
    <Descriptions>
      <Description description="" languagecode="1033" />
    </Descriptions>
  </option>
  <option value="200490101" ExternalValue="">
    <labels>
      <label description="Luxembourg" languagecode="1033" />
    </labels>
    <Descriptions>
      <Description description="" languagecode="1033" />
    </Descriptions>
  </option>
  <option value="200490102" ExternalValue="">
    <labels>
      <label description="Madagascar" languagecode="1033" />
    </labels>
    <Descriptions>
      <Description description="" languagecode="1033" />
    </Descriptions>
  </option>
  <option value="200490103" ExternalValue="">
    <labels>
      <label description="Malawi" languagecode="1033" />
    </labels>
    <Descriptions>
      <Description description="" languagecode="1033" />
    </Descriptions>
  </option>
  <option value="200490104" ExternalValue="">
    <labels>
      <label description="Malaysia" languagecode="1033" />
    </labels>
    <Descriptions>
      <Description description="" languagecode="1033" />
    </Descriptions>
  </option>
  <option value="200490105" ExternalValue="">
    <labels>
      <label description="Maldives" languagecode="1033" />
    </labels>
    <Descriptions>
      <Description description="" languagecode="1033" />
    </Descriptions>
  </option>
  <option value="200490106" ExternalValue="">
    <labels>
      <label description="Mali" languagecode="1033" />
    </labels>
    <Descriptions>
      <Description description="" languagecode="1033" />
    </Descriptions>
  </option>
  <option value="200490107" ExternalValue="">
    <labels>
      <label description="Malta" languagecode="1033" />
    </labels>
    <Descriptions>
      <Description description="" languagecode="1033" />
    </Descriptions>
  </option>
  <option value="200490108" ExternalValue="">
    <labels>
      <label description="Marshall Islands" languagecode="1033" />
    </labels>
    <Descriptions>
      <Description description="" languagecode="1033" />
    </Descriptions>
  </option>
  <option value="200490109" ExternalValue="">
    <labels>
      <label description="Mauritania" languagecode="1033" />
    </labels>
    <Descriptions>
      <Description description="" languagecode="1033" />
    </Descriptions>
  </option>
  <option value="200490110" ExternalValue="">
    <labels>
      <label description="Mauritius" languagecode="1033" />
    </labels>
    <Descriptions>
      <Description description="" languagecode="1033" />
    </Descriptions>
  </option>
  <option value="200490111" ExternalValue="">
    <labels>
      <label description="Mexico" languagecode="1033" />
    </labels>
    <Descriptions>
      <Description description="" languagecode="1033" />
    </Descriptions>
  </option>
  <option value="200490112" ExternalValue="">
    <labels>
      <label description="Micronesia" languagecode="1033" />
    </labels>
    <Descriptions>
      <Description description="" languagecode="1033" />
    </Descriptions>
  </option>
  <option value="200490113" ExternalValue="">
    <labels>
      <label description="Moldova" languagecode="1033" />
    </labels>
    <Descriptions>
      <Description description="" languagecode="1033" />
    </Descriptions>
  </option>
  <option value="200490114" ExternalValue="">
    <labels>
      <label description="Monaco" languagecode="1033" />
    </labels>
    <Descriptions>
      <Description description="" languagecode="1033" />
    </Descriptions>
  </option>
  <option value="200490115" ExternalValue="">
    <labels>
      <label description="Mongolia" languagecode="1033" />
    </labels>
    <Descriptions>
      <Description description="" languagecode="1033" />
    </Descriptions>
  </option>
  <option value="200490116" ExternalValue="">
    <labels>
      <label description="Montenegro" languagecode="1033" />
    </labels>
    <Descriptions>
      <Description description="" languagecode="1033" />
    </Descriptions>
  </option>
  <option value="200490117" ExternalValue="">
    <labels>
      <label description="Morocco" languagecode="1033" />
    </labels>
    <Descriptions>
      <Description description="" languagecode="1033" />
    </Descriptions>
  </option>
  <option value="200490118" ExternalValue="">
    <labels>
      <label description="Mozambique" languagecode="1033" />
    </labels>
    <Descriptions>
      <Description description="" languagecode="1033" />
    </Descriptions>
  </option>
  <option value="200490119" ExternalValue="">
    <labels>
      <label description="Myanmar" languagecode="1033" />
    </labels>
    <Descriptions>
      <Description description="" languagecode="1033" />
    </Descriptions>
  </option>
  <option value="200490120" ExternalValue="">
    <labels>
      <label description="Namibia" languagecode="1033" />
    </labels>
    <Descriptions>
      <Description description="" languagecode="1033" />
    </Descriptions>
  </option>
  <option value="200490121" ExternalValue="">
    <labels>
      <label description="Nauru" languagecode="1033" />
    </labels>
    <Descriptions>
      <Description description="" languagecode="1033" />
    </Descriptions>
  </option>
  <option value="200490122" ExternalValue="">
    <labels>
      <label description="Nepal" languagecode="1033" />
    </labels>
    <Descriptions>
      <Description description="" languagecode="1033" />
    </Descriptions>
  </option>
  <option value="200490123" ExternalValue="">
    <labels>
      <label description="Netherlands" languagecode="1033" />
    </labels>
    <Descriptions>
      <Description description="" languagecode="1033" />
    </Descriptions>
  </option>
  <option value="200490124" ExternalValue="">
    <labels>
      <label description="New Zealand" languagecode="1033" />
    </labels>
    <Descriptions>
      <Description description="" languagecode="1033" />
    </Descriptions>
  </option>
  <option value="200490125" ExternalValue="">
    <labels>
      <label description="Nicaragua" languagecode="1033" />
    </labels>
    <Descriptions>
      <Description description="" languagecode="1033" />
    </Descriptions>
  </option>
  <option value="200490126" ExternalValue="">
    <labels>
      <label description="Niger" languagecode="1033" />
    </labels>
    <Descriptions>
      <Description description="" languagecode="1033" />
    </Descriptions>
  </option>
  <option value="200490127" ExternalValue="">
    <labels>
      <label description="Nigeria" languagecode="1033" />
    </labels>
    <Descriptions>
      <Description description="" languagecode="1033" />
    </Descriptions>
  </option>
  <option value="200490128" ExternalValue="">
    <labels>
      <label description="North Macedonia" languagecode="1033" />
    </labels>
    <Descriptions>
      <Description description="" languagecode="1033" />
    </Descriptions>
  </option>
  <option value="200490129" ExternalValue="">
    <labels>
      <label description="Norway" languagecode="1033" />
    </labels>
    <Descriptions>
      <Description description="" languagecode="1033" />
    </Descriptions>
  </option>
  <option value="200490130" ExternalValue="">
    <labels>
      <label description="Oman" languagecode="1033" />
    </labels>
    <Descriptions>
      <Description description="" languagecode="1033" />
    </Descriptions>
  </option>
  <option value="200490131" ExternalValue="">
    <labels>
      <label description="Pakistan" languagecode="1033" />
    </labels>
    <Descriptions>
      <Description description="" languagecode="1033" />
    </Descriptions>
  </option>
  <option value="200490132" ExternalValue="">
    <labels>
      <label description="Palau" languagecode="1033" />
    </labels>
    <Descriptions>
      <Description description="" languagecode="1033" />
    </Descriptions>
  </option>
  <option value="200490133" ExternalValue="">
    <labels>
      <label description="Palestine" languagecode="1033" />
    </labels>
    <Descriptions>
      <Description description="" languagecode="1033" />
    </Descriptions>
  </option>
  <option value="200490134" ExternalValue="">
    <labels>
      <label description="Panama" languagecode="1033" />
    </labels>
    <Descriptions>
      <Description description="" languagecode="1033" />
    </Descriptions>
  </option>
  <option value="200490135" ExternalValue="">
    <labels>
      <label description="Papua New Guinea" languagecode="1033" />
    </labels>
    <Descriptions>
      <Description description="" languagecode="1033" />
    </Descriptions>
  </option>
  <option value="200490136" ExternalValue="">
    <labels>
      <label description="Paraguay" languagecode="1033" />
    </labels>
    <Descriptions>
      <Description description="" languagecode="1033" />
    </Descriptions>
  </option>
  <option value="200490137" ExternalValue="">
    <labels>
      <label description="Peru" languagecode="1033" />
    </labels>
    <Descriptions>
      <Description description="" languagecode="1033" />
    </Descriptions>
  </option>
  <option value="200490138" ExternalValue="">
    <labels>
      <label description="Philippines" languagecode="1033" />
    </labels>
    <Descriptions>
      <Description description="" languagecode="1033" />
    </Descriptions>
  </option>
  <option value="200490139" ExternalValue="">
    <labels>
      <label description="Poland" languagecode="1033" />
    </labels>
    <Descriptions>
      <Description description="" languagecode="1033" />
    </Descriptions>
  </option>
  <option value="200490140" ExternalValue="">
    <labels>
      <label description="Portugal" languagecode="1033" />
    </labels>
    <Descriptions>
      <Description description="" languagecode="1033" />
    </Descriptions>
  </option>
  <option value="200490141" ExternalValue="">
    <labels>
      <label description="Qatar" languagecode="1033" />
    </labels>
    <Descriptions>
      <Description description="" languagecode="1033" />
    </Descriptions>
  </option>
  <option value="200490142" ExternalValue="">
    <labels>
      <label description="Romania" languagecode="1033" />
    </labels>
    <Descriptions>
      <Description description="" languagecode="1033" />
    </Descriptions>
  </option>
  <option value="200490143" ExternalValue="">
    <labels>
      <label description="Russia" languagecode="1033" />
    </labels>
    <Descriptions>
      <Description description="" languagecode="1033" />
    </Descriptions>
  </option>
  <option value="200490144" ExternalValue="">
    <labels>
      <label description="Rwanda" languagecode="1033" />
    </labels>
    <Descriptions>
      <Description description="" languagecode="1033" />
    </Descriptions>
  </option>
  <option value="200490145" ExternalValue="">
    <labels>
      <label description="Saint Kitts and Nevis" languagecode="1033" />
    </labels>
    <Descriptions>
      <Description description="" languagecode="1033" />
    </Descriptions>
  </option>
  <option value="200490146" ExternalValue="">
    <labels>
      <label description="Saint Lucia" languagecode="1033" />
    </labels>
    <Descriptions>
      <Description description="" languagecode="1033" />
    </Descriptions>
  </option>
  <option value="200490147" ExternalValue="">
    <labels>
      <label description="Saint Vincent and the Grenadines" languagecode="1033" />
    </labels>
    <Descriptions>
      <Description description="" languagecode="1033" />
    </Descriptions>
  </option>
  <option value="200490148" ExternalValue="">
    <labels>
      <label description="Samoa" languagecode="1033" />
    </labels>
    <Descriptions>
      <Description description="" languagecode="1033" />
    </Descriptions>
  </option>
  <option value="200490149" ExternalValue="">
    <labels>
      <label description="San Marino" languagecode="1033" />
    </labels>
    <Descriptions>
      <Description description="" languagecode="1033" />
    </Descriptions>
  </option>
  <option value="200490150" ExternalValue="">
    <labels>
      <label description="Sao Tome and Principe" languagecode="1033" />
    </labels>
    <Descriptions>
      <Description description="" languagecode="1033" />
    </Descriptions>
  </option>
  <option value="200490151" ExternalValue="">
    <labels>
      <label description="Saudi Arabia" languagecode="1033" />
    </labels>
    <Descriptions>
      <Description description="" languagecode="1033" />
    </Descriptions>
  </option>
  <option value="200490152" ExternalValue="">
    <labels>
      <label description="Senegal" languagecode="1033" />
    </labels>
    <Descriptions>
      <Description description="" languagecode="1033" />
    </Descriptions>
  </option>
  <option value="200490153" ExternalValue="">
    <labels>
      <label description="Serbia" languagecode="1033" />
    </labels>
    <Descriptions>
      <Description description="" languagecode="1033" />
    </Descriptions>
  </option>
  <option value="200490154" ExternalValue="">
    <labels>
      <label description="Seychelles" languagecode="1033" />
    </labels>
    <Descriptions>
      <Description description="" languagecode="1033" />
    </Descriptions>
  </option>
  <option value="200490155" ExternalValue="">
    <labels>
      <label description="Sierra Leone" languagecode="1033" />
    </labels>
    <Descriptions>
      <Description description="" languagecode="1033" />
    </Descriptions>
  </option>
  <option value="200490156" ExternalValue="">
    <labels>
      <label description="Singapore" languagecode="1033" />
    </labels>
    <Descriptions>
      <Description description="" languagecode="1033" />
    </Descriptions>
  </option>
  <option value="200490157" ExternalValue="">
    <labels>
      <label description="Slovakia" languagecode="1033" />
    </labels>
    <Descriptions>
      <Description description="" languagecode="1033" />
    </Descriptions>
  </option>
  <option value="200490158" ExternalValue="">
    <labels>
      <label description="Slovenia" languagecode="1033" />
    </labels>
    <Descriptions>
      <Description description="" languagecode="1033" />
    </Descriptions>
  </option>
  <option value="200490159" ExternalValue="">
    <labels>
      <label description="Solomon Islands" languagecode="1033" />
    </labels>
    <Descriptions>
      <Description description="" languagecode="1033" />
    </Descriptions>
  </option>
  <option value="200490160" ExternalValue="">
    <labels>
      <label description="Somalia" languagecode="1033" />
    </labels>
    <Descriptions>
      <Description description="" languagecode="1033" />
    </Descriptions>
  </option>
  <option value="200490161" ExternalValue="">
    <labels>
      <label description="South Africa" languagecode="1033" />
    </labels>
    <Descriptions>
      <Description description="" languagecode="1033" />
    </Descriptions>
  </option>
  <option value="200490162" ExternalValue="">
    <labels>
      <label description="South Sudan" languagecode="1033" />
    </labels>
    <Descriptions>
      <Description description="" languagecode="1033" />
    </Descriptions>
  </option>
  <option value="200490163" ExternalValue="">
    <labels>
      <label description="Spain" languagecode="1033" />
    </labels>
    <Descriptions>
      <Description description="" languagecode="1033" />
    </Descriptions>
  </option>
  <option value="200490164" ExternalValue="">
    <labels>
      <label description="Sri Lanka" languagecode="1033" />
    </labels>
    <Descriptions>
      <Description description="" languagecode="1033" />
    </Descriptions>
  </option>
  <option value="200490165" ExternalValue="">
    <labels>
      <label description="Sudan" languagecode="1033" />
    </labels>
    <Descriptions>
      <Description description="" languagecode="1033" />
    </Descriptions>
  </option>
  <option value="200490166" ExternalValue="">
    <labels>
      <label description="Suriname" languagecode="1033" />
    </labels>
    <Descriptions>
      <Description description="" languagecode="1033" />
    </Descriptions>
  </option>
  <option value="200490167" ExternalValue="">
    <labels>
      <label description="Sweden" languagecode="1033" />
    </labels>
    <Descriptions>
      <Description description="" languagecode="1033" />
    </Descriptions>
  </option>
  <option value="200490168" ExternalValue="">
    <labels>
      <label description="Switzerland" languagecode="1033" />
    </labels>
    <Descriptions>
      <Description description="" languagecode="1033" />
    </Descriptions>
  </option>
  <option value="200490169" ExternalValue="">
    <labels>
      <label description="Syria" languagecode="1033" />
    </labels>
    <Descriptions>
      <Description description="" languagecode="1033" />
    </Descriptions>
  </option>
  <option value="200490170" ExternalValue="">
    <labels>
      <label description="Taiwan" languagecode="1033" />
    </labels>
    <Descriptions>
      <Description description="" languagecode="1033" />
    </Descriptions>
  </option>
  <option value="200490171" ExternalValue="">
    <labels>
      <label description="Tajikistan" languagecode="1033" />
    </labels>
    <Descriptions>
      <Description description="" languagecode="1033" />
    </Descriptions>
  </option>
  <option value="200490172" ExternalValue="">
    <labels>
      <label description="Tanzania" languagecode="1033" />
    </labels>
    <Descriptions>
      <Description description="" languagecode="1033" />
    </Descriptions>
  </option>
  <option value="200490173" ExternalValue="">
    <labels>
      <label description="Thailand" languagecode="1033" />
    </labels>
    <Descriptions>
      <Description description="" languagecode="1033" />
    </Descriptions>
  </option>
  <option value="200490174" ExternalValue="">
    <labels>
      <label description="Timor-Leste" languagecode="1033" />
    </labels>
    <Descriptions>
      <Description description="" languagecode="1033" />
    </Descriptions>
  </option>
  <option value="200490175" ExternalValue="">
    <labels>
      <label description="Togo" languagecode="1033" />
    </labels>
    <Descriptions>
      <Description description="" languagecode="1033" />
    </Descriptions>
  </option>
  <option value="200490176" ExternalValue="">
    <labels>
      <label description="Tonga" languagecode="1033" />
    </labels>
    <Descriptions>
      <Description description="" languagecode="1033" />
    </Descriptions>
  </option>
  <option value="200490177" ExternalValue="">
    <labels>
      <label description="Trinidad and Tobago" languagecode="1033" />
    </labels>
    <Descriptions>
      <Description description="" languagecode="1033" />
    </Descriptions>
  </option>
  <option value="200490178" ExternalValue="">
    <labels>
      <label description="Tunisia" languagecode="1033" />
    </labels>
    <Descriptions>
      <Description description="" languagecode="1033" />
    </Descriptions>
  </option>
  <option value="200490179" ExternalValue="">
    <labels>
      <label description="Turkey" languagecode="1033" />
    </labels>
    <Descriptions>
      <Description description="" languagecode="1033" />
    </Descriptions>
  </option>
  <option value="200490180" ExternalValue="">
    <labels>
      <label description="Turkmenistan" languagecode="1033" />
    </labels>
    <Descriptions>
      <Description description="" languagecode="1033" />
    </Descriptions>
  </option>
  <option value="200490181" ExternalValue="">
    <labels>
      <label description="Tuvalu" languagecode="1033" />
    </labels>
    <Descriptions>
      <Description description="" languagecode="1033" />
    </Descriptions>
  </option>
  <option value="200490182" ExternalValue="">
    <labels>
      <label description="Uganda" languagecode="1033" />
    </labels>
    <Descriptions>
      <Description description="" languagecode="1033" />
    </Descriptions>
  </option>
  <option value="200490183" ExternalValue="">
    <labels>
      <label description="Ukraine" languagecode="1033" />
    </labels>
    <Descriptions>
      <Description description="" languagecode="1033" />
    </Descriptions>
  </option>
  <option value="200490184" ExternalValue="">
    <labels>
      <label description="United Arab Emirates" languagecode="1033" />
    </labels>
    <Descriptions>
      <Description description="" languagecode="1033" />
    </Descriptions>
  </option>
  <option value="200490185" ExternalValue="">
    <labels>
      <label description="United Kingdom" languagecode="1033" />
    </labels>
    <Descriptions>
      <Description description="" languagecode="1033" />
    </Descriptions>
  </option>
  <option value="200490186" ExternalValue="">
    <labels>
      <label description="United States" languagecode="1033" />
    </labels>
    <Descriptions>
      <Description description="" languagecode="1033" />
    </Descriptions>
  </option>
  <option value="200490187" ExternalValue="">
    <labels>
      <label description="Uruguay" languagecode="1033" />
    </labels>
    <Descriptions>
      <Description description="" languagecode="1033" />
    </Descriptions>
  </option>
  <option value="200490188" ExternalValue="">
    <labels>
      <label description="Uzbekistan" languagecode="1033" />
    </labels>
    <Descriptions>
      <Description description="" languagecode="1033" />
    </Descriptions>
  </option>
  <option value="200490189" ExternalValue="">
    <labels>
      <label description="Vanuatu" languagecode="1033" />
    </labels>
    <Descriptions>
      <Description description="" languagecode="1033" />
    </Descriptions>
  </option>
  <option value="200490190" ExternalValue="">
    <labels>
      <label description="Vatican City" languagecode="1033" />
    </labels>
    <Descriptions>
      <Description description="" languagecode="1033" />
    </Descriptions>
  </option>
  <option value="200490191" ExternalValue="">
    <labels>
      <label description="Venezuela" languagecode="1033" />
    </labels>
    <Descriptions>
      <Description description="" languagecode="1033" />
    </Descriptions>
  </option>
  <option value="200490192" ExternalValue="">
    <labels>
      <label description="Vietnam" languagecode="1033" />
    </labels>
    <Descriptions>
      <Description description="" languagecode="1033" />
    </Descriptions>
  </option>
  <option value="200490193" ExternalValue="">
    <labels>
      <label description="Yemen" languagecode="1033" />
    </labels>
    <Descriptions>
      <Description description="" languagecode="1033" />
    </Descriptions>
  </option>
  <option value="200490194" ExternalValue="">
    <labels>
      <label description="Zambia" languagecode="1033" />
    </labels>
    <Descriptions>
      <Description description="" languagecode="1033" />
    </Descriptions>
  </option>
  <option value="200490195" ExternalValue="">
    <labels>
      <label description="Zimbabwe" languagecode="1033" />
    </labels>
    <Descriptions>
      <Description description="" languagecode="1033" />
    </Descriptions>
  </option>
</options>
    </optionset>
  </optionsets>
  <CustomControls />
  <EntityDataProviders />
  <Languages>
    <Language>1033</Language>
  </Languages>
</ImportExportXml>